"","Horizon_period","Expected_Return","Std_Dev","VaR","ES","Initial_Value","Expected_Value","Q_5","Q_95"
"Forecast",12,0.0873340171485211,0.0943420928991728,-0.0378565334758267,-0.0484751240884407,10000,10873.3401714852,9272.28785248643,12625.9643133199
