"","Horizon_Months","Expected_Return","Std_Dev","VaR","ES","Initial_Value","Expected_Value","Q_5","Q_95"
"Forecast",12,0.0874177603411632,0.0875313893443426,-0.0339550824583091,-0.0439300642717624,10000,10874.1776034116,9380.69825928662,12480.4728805343
