"","Horizon_Months","Expected_Return","Std_Dev","VaR","ES","Initial_Value","Expected_Value","Q_5","Q_95"
"Forecast",12,0.0922530715257468,0.0884194797902114,-0.0339314336969034,-0.0438573381196721,10000,10922.5307152575,9415.52778915671,12552.6564956805
