"","Horizon_period","Expected_Return","Std_Dev","VaR","ES","Initial_Value","Expected_Value","Q_5","Q_95"
"Forecast",12,0.0874421569902792,0.0938185659881602,-0.0373596516377855,-0.0474019422479101,10000,10874.4215699028,9286.4250932358,12593.8428584715
