"","Horizon_Months","Expected_Return","Std_Dev","VaR","ES","Initial_Value","Expected_Value","Q_5","Q_95"
"Forecast",12,0.093958757622993,0.0888742022061122,-0.0342691083345339,-0.0440435388605541,10000,10939.5875762299,9422.03401998178,12577.2977049987
