"","Horizon_Months","Expected_Return","Std_Dev","VaR","ES","Initial_Value","Expected_Value","Q_5","Q_95"
"Forecast",12,0.063872444562465,0.0712100529447508,-0.029212228751643,-0.0375175040943444,11000,11702.5968901871,10386.3802948169,13115.7839567999
